<?xml version="1.0" encoding="UTF-8"?><rss version="2.0"
	xmlns:content="http://purl.org/rss/1.0/modules/content/"
	xmlns:wfw="http://wellformedweb.org/CommentAPI/"
	xmlns:dc="http://purl.org/dc/elements/1.1/"
	xmlns:atom="http://www.w3.org/2005/Atom"
	xmlns:sy="http://purl.org/rss/1.0/modules/syndication/"
	xmlns:slash="http://purl.org/rss/1.0/modules/slash/"
	>

<channel>
	<title>Non classé &#8211; Gala Miage 2022</title>
	<atom:link href="http://localhost/Gala/category/non-classe/feed/" rel="self" type="application/rss+xml" />
	<link>https://galamiagebordeaux.github.io/2022</link>
	<description></description>
	<lastBuildDate>Fri, 03 Dec 2021 13:43:39 +0000</lastBuildDate>
	<language>fr-FR</language>
	<sy:updatePeriod>
	hourly	</sy:updatePeriod>
	<sy:updateFrequency>
	1	</sy:updateFrequency>
	<generator>https://wordpress.org/?v=5.8.2</generator>

<image>
	<url>https://galamiagebordeaux.github.io/2022/wp-content/uploads/2021/12/269794826_427659885687799_7896408434031555988_n-e1640633274305-120x120.png</url>
	<title>Non classé &#8211; Gala Miage 2022</title>
	<link>https://galamiagebordeaux.github.io/2022</link>
	<width>32</width>
	<height>32</height>
</image> 
	<item>
		<title>Bonjour tout le monde !</title>
		<link>https://galamiagebordeaux.github.io/2022/bonjour-tout-le-monde/</link>
					<comments>https://galamiagebordeaux.github.io/2022/bonjour-tout-le-monde/#comments</comments>
		
		<dc:creator><![CDATA[admin]]></dc:creator>
		<pubDate>Fri, 03 Dec 2021 13:43:39 +0000</pubDate>
				<category><![CDATA[Non classé]]></category>
		<guid isPermaLink="false">https://galamiagebordeaux.github.io/2022/?p=1</guid>

					<description><![CDATA[Bienvenue sur WordPress. Ceci est votre premier article. Modifiez-le ou supprimez-le, puis commencez à écrire !]]></description>
										<content:encoded><![CDATA[
<p>Bienvenue sur WordPress. Ceci est votre premier article. Modifiez-le ou supprimez-le, puis commencez à écrire !</p>
]]></content:encoded>
					
					<wfw:commentRss>https://galamiagebordeaux.github.io/2022/bonjour-tout-le-monde/feed/</wfw:commentRss>
			<slash:comments>1</slash:comments>
		
		
			</item>
	</channel>
</rss>
